{
  "brent_last_mu": 96.76799952189127,
  "brent_last_sigma": 9.183166716032057,
  "brent_window": 30,
  "dxy_last_mu": 99.27366663614909,
  "dxy_last_sigma": 0.6717524165192357,
  "dxy_window": 30
}