{
  "brent_last_mu": 100.50866622924805,
  "brent_last_sigma": 7.3703399053111225,
  "brent_window": 30,
  "dxy_last_mu": 99.04266688028972,
  "dxy_last_sigma": 0.6463477300997312,
  "dxy_window": 30
}