{
  "brent_last_mu": 93.10533320109049,
  "brent_last_sigma": 11.133980189176794,
  "brent_window": 30,
  "dxy_last_mu": 99.71543324788412,
  "dxy_last_sigma": 0.8212402007672578,
  "dxy_window": 30
}